Workbook

Sheet 0_Scorecard
A2: Goa E-Waste Management Scorecard
B3: Live score out of 100, calculated from the 7 data sheets. Set benchmarks in the yellow 'Target/Benchmark' cells.
B5: STATE SCORE | D5: =ROUND(H17,1) | F5: =IF(H17>=85,"EXCELLENT",IF(H17>=65,"GOOD",IF(H17>=45,"NEEDS IMPROVEMENT","CRITICAL")))
B9: # | C9: Category | D9: Weight | E9: Benchmark / Target | F9: Achieved Value | G9: Achievement % | H9: Score Earned
B10: 1 | C10: Generation & Inventory | D10: 15 | E10: 5 | F10: =COUNTIF('1_Generation_Inventory'!C6:C25,"?*") | G10: =IF(ISERROR(MIN(F10/E10,1)),0,MIN(F10/E10,1)) | H10: =ROUND(G10*D10,1)
B11: 2 | C11: Collection Performance | D11: 20 | E11: 1 | F11: =IF(ISERROR('2_Collection_Log'!F27/'2_Collection_Log'!C27),0,'2_Collection_Log'!F27/'2_Collection_Log'!C27) | G11: =IF(ISERROR(MIN(F11/E11,1)),0,MIN(F11/E11,1)) | H11: =ROUND(G11*D11,1)
B12: 3 | C12: Formal Recycling & Treatment | D12: 20 | E12: 1 | F12: =IF(ISERROR(('3_Recycling_Infrastructure'!E28*1000)/'2_Collection_Log'!C27),0,('3_Recycling_Infrastructure'!E28*1000)/'2_Collection_Log'!C27) | G12: =IF(ISERROR(MIN(F12/E12,1)),0,MIN(F12/E12,1)) | H12: =ROUND(G12*D12,1)
B13: 4 | C13: Regulatory Compliance | D13: 15 | E13: 1 | F13: =IF(ISERROR('4_Compliance_Tracker'!C28/'4_Compliance_Tracker'!C29),0,'4_Compliance_Tracker'!C28/'4_Compliance_Tracker'!C29) | G13: =IF(ISERROR(MIN(F13/E13,1)),0,MIN(F13/E13,1)) | H13: =ROUND(G13*D13,1)
B14: 5 | C14: Informal Sector Integration | D14: 10 | E14: 1 | F14: =IF(ISERROR('5_Informal_Sector_Hotspots'!C29/'5_Informal_Sector_Hotspots'!C28),0,'5_Informal_Sector_Hotspots'!C29/'5_Informal_Sector_Hotspots'!C28) | G14: =IF(ISERROR(MIN(F14/E14,1)),0,MIN(F14/E14,1)) | H14: =ROUND(G14*D14,1)
B15: 6 | C15: Environmental & Health Safeguards | D15: 10 | E15: 1 | F15: =IF(ISERROR('6_Env_Health_Monitoring'!C28/'5_Informal_Sector_Hotspots'!C28),0,'6_Env_Health_Monitoring'!C28/'5_Informal_Sector_Hotspots'!C28) | G15: =IF(ISERROR(MIN(F15/E15,1)),0,MIN(F15/E15,1)) | H15: =ROUND(G15*D15,1)
B16: 7 | C16: Awareness & Outreach | D16: 10 | E16: 20 | F16: ='7_Awareness_Programs'!C28 | G16: =IF(ISERROR(MIN(F16/E16,1)),0,MIN(F16/E16,1)) | H16: =ROUND(G16*D16,1)
C17: TOTAL SCORE | D17: =SUM(D10:D16) | H17: =SUM(H10:H16)
B19: Score Bands:
B20: 85-100 | C20: Excellent
B21: 65-84 | C21: Good
B22: 45-64 | C22: Needs Improvement
B23: 0-44 | C23: Critical

Sheet Instructions
A2: Goa E-Waste Management Tracker - Scoring Methodology
B4: A 100-point scorecard for monitoring state-level e-waste generation, collection, formal treatment, compliance, and health/environmental safeguards, in line with the E-Waste (Management) Rules, 2022 (CPCB, India) as implemented by the Goa State Pollution Control Board (GSPCB).
B6: # | C6: Category | D6: Weight | E6: Indicators (data source sheet)
B7: 1 | C7: Generation & Inventory | D7: 15 | E7: District reporting completeness; category-wise breakup; annual inventory update -> '1_Generation_Inventory'
B8: 2 | C8: Collection Performance | D8: 20 | E8: Collection rate (%); collection centers per million population; EPR collection-target achievement -> '2_Collection_Log'
B9: 3 | C9: Formal Recycling & Treatment | D9: 20 | E9: % processed by authorized recyclers; installed capacity vs generation; material recovery rate -> '3_Recycling_Infrastructure'
B10: 4 | C10: Regulatory Compliance | D10: 15 | E10: % producers/EPR entities compliant; inspections conducted vs planned; penalties resolved -> '4_Compliance_Tracker'
B11: 5 | C11: Informal Sector Integration | D11: 10 | E11: % hotspots formalized/remediated; % informal workers registered/trained -> '5_Informal_Sector_Hotspots'
B12: 6 | C12: Environmental & Health Safeguards | D12: 10 | E12: % hotspots environmentally monitored; health screening camps conducted -> '6_Env_Health_Monitoring'
B13: 7 | C13: Awareness & Outreach | D13: 10 | E13: Awareness campaigns vs target; collection drives vs target -> '7_Awareness_Programs'
C14: TOTAL | D14: 100
B16: How to use this workbook
B17: - Enter data in the 7 numbered sheets (yellow cells = your input). Each sheet has starter rows for North Goa and South Goa - update with verified GSPCB/CPCB figures as they are published.
B18: - Set your benchmarks/targets on the '0_Scorecard' sheet (yellow cells) - e.g. collection centers per million population, EPR targets, inspection/campaign targets.
B19: - The '0_Scorecard' sheet pulls live figures from all 7 sheets and computes the state's score out of 100 automatically. Do not overwrite formula cells.
B20: - Score bands (customisable on Scorecard): 85-100 Excellent | 65-84 Good | 45-64 Needs Improvement | Below 45 Critical.
B21: - Re-run this tracker every quarter/year to monitor trend - copy the Scorecard total into a tracking log for year-on-year comparison.
B22: - Population figures use Census 2011 district totals (North Goa 818,008 / South Goa 640,537); update once Census 2027/GSPCB projections are available.

Sheet 1_Generation_Inventory
A2: Generation Inventory
B3: One row per district. Category-wise breakup based on E-Waste (Management) Rules, 2022, Schedule I (simplified). District population from Census 2011.
B5: District | C5: Population | D5: IT & Telecom (kg) | E5: Consumer Electrical & Electronics (kg) | F5: Large & Small Equipment (kg) | G5: Lighting Equipment (kg) | H5: Batteries (kg) | I5: Other (kg) | J5: Total Generated (kg) | K5: Date Last Updated
B6: North Goa | C6: 818008 | D6: 301027 | E6: 225770 | F6: 188142 | G6: 75257 | H6: 94071 | I6: 56442 | J6: =IF(SUM(D6:I6)=0,"",SUM(D6:I6)) | K6: 31-03-2026
B7: South Goa | C7: 640537 | D7: 235718 | E7: 176788 | F7: 147324 | G7: 58929 | H7: 73662 | I7: 44197 | J7: =IF(SUM(D7:I7)=0,"",SUM(D7:I7)) | K7: 31-03-2026
J8: =IF(SUM(D8:I8)=0,"",SUM(D8:I8))
J9: =IF(SUM(D9:I9)=0,"",SUM(D9:I9))
J10: =IF(SUM(D10:I10)=0,"",SUM(D10:I10))
J11: =IF(SUM(D11:I11)=0,"",SUM(D11:I11))
J12: =IF(SUM(D12:I12)=0,"",SUM(D12:I12))
J13: =IF(SUM(D13:I13)=0,"",SUM(D13:I13))
J14: =IF(SUM(D14:I14)=0,"",SUM(D14:I14))
J15: =IF(SUM(D15:I15)=0,"",SUM(D15:I15))
J16: =IF(SUM(D16:I16)=0,"",SUM(D16:I16))
J17: =IF(SUM(D17:I17)=0,"",SUM(D17:I17))
J18: =IF(SUM(D18:I18)=0,"",SUM(D18:I18))
J19: =IF(SUM(D19:I19)=0,"",SUM(D19:I19))
... J25: =IF(SUM(D25:I25)=0,"",SUM(D25:I25))
B27: STATE TOTAL | C27: =SUM(C6:C25) | D27: =SUM(D6:D25) | E27: =SUM(E6:E25) | F27: =SUM(F6:F25) | G27: =SUM(G6:G25) | H27: =SUM(H6:H25) | I27: =SUM(I6:I25) | J27: =SUM(J6:J25)

Sheet 2_Collection_Log
A2: Collection Log
B3: One row per district. 'Generated' auto-pulls from Sheet 1 by district name - keep district names identical across sheets.
B5: District | C5: Generated (kg) [from Sheet 1] | D5: Collected (kg) | E5: Registered Collection Centers | F5: EPR Collection Target (kg) | G5: EPR Collection Achieved (kg) | H5: Remarks
B6: North Goa | C6: =IF(ISERROR(INDEX('1_Generation_Inventory'!$J$6:$J$25,MATCH(B6,'1_Generation_Inventory'!$B$6:$B$25,0))),0,INDEX('1_Generation_Inventory'!$J$6:$J$25,MATCH(B6,'1_Generation_Inventory'!$B$6:$B$25,0))) | D6: 658500 | E6: 18 | F6: 1034780 | G6: 812600 | H6: Collected via GSPCB-authorised collection centers and Karo Sambhav (PRO) buy-back/drop-off points across Panaji, Mapusa and Bicholim
B7: South Goa | C7: =IF(ISERROR(INDEX('1_Generation_Inventory'!$J$6:$J$25,MATCH(B7,'1_Generation_Inventory'!$B$6:$B$25,0))),0,INDEX('1_Generation_Inventory'!$J$6:$J$25,MATCH(B7,'1_Generation_Inventory'!$B$6:$B$25,0))) | D7: 478800 | E7: 14 | F7: 810280 | G7: 636500 | H7: Collected via GSPCB-authorised collection centers and Karo Sambhav (PRO) buy-back points, plus V Recycling Industries LLP collection at Salcete
C8: =IF(ISERROR(INDEX('1_Generation_Inventory'!$J$6:$J$25,MATCH(B8,'1_Generation_Inventory'!$B$6:$B$25,0))),"",INDEX('1_Generation_Inventory'!$J$6:$J$25,MATCH(B8,'1_Generation_Inventory'!$B$6:$B$25,0)))
C9: =IF(ISERROR(INDEX('1_Generation_Inventory'!$J$6:$J$25,MATCH(B9,'1_Generation_Inventory'!$B$6:$B$25,0))),"",INDEX('1_Generation_Inventory'!$J$6:$J$25,MATCH(B9,'1_Generation_Inventory'!$B$6:$B$25,0)))
C10: =IF(ISERROR(INDEX('1_Generation_Inventory'!$J$6:$J$25,MATCH(B10,'1_Generation_Inventory'!$B$6:$B$25,0))),"",INDEX('1_Generation_Inventory'!$J$6:$J$25,MATCH(B10,'1_Generation_Inventory'!$B$6:$B$25,0)))
C11: =IF(ISERROR(INDEX('1_Generation_Inventory'!$J$6:$J$25,MATCH(B11,'1_Generation_Inventory'!$B$6:$B$25,0))),"",INDEX('1_Generation_Inventory'!$J$6:$J$25,MATCH(B11,'1_Generation_Inventory'!$B$6:$B$25,0)))
C12: =IF(ISERROR(INDEX('1_Generation_Inventory'!$J$6:$J$25,MATCH(B12,'1_Generation_Inventory'!$B$6:$B$25,0))),"",INDEX('1_Generation_Inventory'!$J$6:$J$25,MATCH(B12,'1_Generation_Inventory'!$B$6:$B$25,0)))
C13: =IF(ISERROR(INDEX('1_Generation_Inventory'!$J$6:$J$25,MATCH(B13,'1_Generation_Inventory'!$B$6:$B$25,0))),"",INDEX('1_Generation_Inventory'!$J$6:$J$25,MATCH(B13,'1_Generation_Inventory'!$B$6:$B$25,0)))
C14: =IF(ISERROR(INDEX('1_Generation_Inventory'!$J$6:$J$25,MATCH(B14,'1_Generation_Inventory'!$B$6:$B$25,0))),"",INDEX('1_Generation_Inventory'!$J$6:$J$25,MATCH(B14,'1_Generation_Inventory'!$B$6:$B$25,0)))
C15: =IF(ISERROR(INDEX('1_Generation_Inventory'!$J$6:$J$25,MATCH(B15,'1_Generation_Inventory'!$B$6:$B$25,0))),"",INDEX('1_Generation_Inventory'!$J$6:$J$25,MATCH(B15,'1_Generation_Inventory'!$B$6:$B$25,0)))
C16: =IF(ISERROR(INDEX('1_Generation_Inventory'!$J$6:$J$25,MATCH(B16,'1_Generation_Inventory'!$B$6:$B$25,0))),"",INDEX('1_Generation_Inventory'!$J$6:$J$25,MATCH(B16,'1_Generation_Inventory'!$B$6:$B$25,0)))
C17: =IF(ISERROR(INDEX('1_Generation_Inventory'!$J$6:$J$25,MATCH(B17,'1_Generation_Inventory'!$B$6:$B$25,0))),"",INDEX('1_Generation_Inventory'!$J$6:$J$25,MATCH(B17,'1_Generation_Inventory'!$B$6:$B$25,0)))
C18: =IF(ISERROR(INDEX('1_Generation_Inventory'!$J$6:$J$25,MATCH(B18,'1_Generation_Inventory'!$B$6:$B$25,0))),"",INDEX('1_Generation_Inventory'!$J$6:$J$25,MATCH(B18,'1_Generation_Inventory'!$B$6:$B$25,0)))
C19: =IF(ISERROR(INDEX('1_Generation_Inventory'!$J$6:$J$25,MATCH(B19,'1_Generation_Inventory'!$B$6:$B$25,0))),"",INDEX('1_Generation_Inventory'!$J$6:$J$25,MATCH(B19,'1_Generation_Inventory'!$B$6:$B$25,0)))
... C25: =IF(ISERROR(INDEX('1_Generation_Inventory'!$J$6:$J$25,MATCH(B25,'1_Generation_Inventory'!$B$6:$B$25,0))),"",INDEX('1_Generation_Inventory'!$J$6:$J$25,MATCH(B25,'1_Generation_Inventory'!$B$6:$B$25,0)))
B27: STATE TOTAL | C27: =SUM(C6:C25) | D27: =SUM(D6:D25) | E27: =SUM(E6:E25) | F27: =SUM(F6:F25) | G27: =SUM(G6:G25)

Sheet 3_Recycling_Infrastructure
A2: Recycling Infrastructure
B3: One row per CPCB/GSPCB-authorized recycler or dismantler operating in the state (per GSPCB circular dated 04-06-2024 and CPCB registrations).
B5: Recycler / Dismantler Name | C5: CPCB/GSPCB Authorization No. | D5: District | E5: Installed Capacity (tonnes/yr) | F5: Quantity Processed This Year (tonnes) | G5: Material Recovery Rate (%) | H5: Authorization Valid Till
B6: Global E-Waste Management System (GEMS) | C6: GSPCB Authorised E-Waste Recycler-cum-Dismantler | D6: North Goa | E6: 100 | F6: 78 | G6: 0.76 | H6: 31-03-2027
B7: V Recycling Industries LLP - Sao Jose de Areal | C7: GSPCB Authorised Dismantler | D7: South Goa | E7: 1500 | F7: 980 | G7: 0.74 | H7: 31-03-2027
B8: V Recycling Industries LLP - Fatorda | C8: GSPCB Authorised Dismantler | D8: South Goa | E8: 1200 | F8: 790 | G8: 0.72 | H8: 31-03-2027
B9: Group TenPlus | C9: GSPCB Authorised Dismantler | D9: Goa (statewide authorisation) | E9: 500 | F9: 310 | G9: 0.68 | H9: 31-03-2027
B28: STATE TOTAL | E28: =SUM(E6:E26) | F28: =SUM(F6:F26) | G28: =IF(ISERROR(AVERAGE(G6:G26)),0,AVERAGE(G6:G26))

Sheet 4_Compliance_Tracker
A2: Compliance Tracker
B3: One row per registered producer / EPR entity operating in the state.
B5: Producer / EPR Entity | C5: EPR Registration No. | D5: Compliance Status | E5: Inspection Planned (Y/N) | F5: Inspection Conducted (Y/N) | G5: Penalty / Show-Cause Issued (Y/N) | H5: Penalty Resolved (Y/N) | I5: Remarks
B6: Registered Producer / EPR Entity 1 | C6: EPR/2024/GA/001 | D6: Compliant | E6: Yes | F6: Yes | G6: No | H6: N/A | I6: Annual EPR recycling target met; collection routed via Karo Sambhav (PRO)
B7: Registered Producer / EPR Entity 2 | C7: EPR/2024/GA/002 | D7: Compliant | E7: Yes | F7: Yes | G7: No | H7: N/A | I7: Target met via GEMS tie-up
B8: Registered Producer / EPR Entity 3 | C8: EPR/2024/GA/003 | D8: Compliant | E8: Yes | F8: Yes | G8: No | H8: N/A | I8: Target met
B9: Registered Producer / EPR Entity 4 | C9: EPR/2024/GA/004 | D9: Partially Compliant | E9: Yes | F9: Yes | G9: Yes | H9: No | I9: EPR target under-achieved; show-cause issued by GSPCB
B10: Registered Producer / EPR Entity 5 | C10: EPR/2024/GA/005 | D10: Compliant | E10: Yes | F10: No | G10: No | H10: N/A | I10: Inspection pending, self-reported compliant
B11: Registered Producer / EPR Entity 6 | C11: EPR/2024/GA/006 | D11: Compliant | E11: Yes | F11: Yes | G11: No | H11: N/A | I11: Target met via V Recycling Industries LLP tie-up
B12: Registered Producer / EPR Entity 7 | C12: EPR/2024/GA/007 | D12: Non-Compliant | E12: Yes | F12: Yes | G12: Yes | H12: No | I12: Penalty proceedings ongoing with GSPCB
B13: Registered Producer / EPR Entity 8 | C13: EPR/2024/GA/008 | D13: Compliant | E13: Yes | F13: Yes | G13: No | H13: N/A | I13: Target met
B28: Compliant | C28: =COUNTIF(D6:D26,"Compliant")
B29: Total Registered | C29: =COUNTA(B6:B26)
B30: Inspections Planned | C30: =COUNTIF(E6:E26,"Yes")

Sheet 5_Informal_Sector_Hotspots
A2: Informal Sector Hotspots
B3: One row per known informal e-waste recycling/collection hotspot in the state.
B5: Hotspot / Informal Cluster Name | C5: District | D5: Status | E5: Estimated Informal Workers | F5: Workers Registered / Trained | G5: Formalization Action Taken | H5: Remarks
B6: Informal Scrap Cluster - Site 1 (Mapusa market belt) | C6: North Goa | D6: Partially Formalized | E6: 25 | F6: 10 | G6: Awareness + registration drive by GSPCB/GEMS conducted | H6: Monitoring ongoing
B7: Informal Scrap Cluster - Site 2 (Margao market belt) | C7: South Goa | D7: Partially Formalized | E7: 20 | F7: 8 | G7: Registered as informal collection point linked to V Recycling Industries LLP | H7: Remediation ongoing
B8: Informal Scrap Cluster - Site 3 (Vasco industrial belt) | C8: South Goa | D8: Not Formalized | E8: 15 | F8: 2 | G8: Initial survey conducted | H8: Formalization action pending
B28: Total Hotspots | C28: =COUNTA(B6:B26)
B29: Formalized/Remediated | C29: =COUNTIF(D6:D26,"Formalized")+COUNTIF(D6:D26,"Remediated")
B30: Estimated Workers (Total) | C30: =SUM(E6:E26)

Sheet 6_Env_Health_Monitoring
A2: Env Health Monitoring
B3: One row per environmental monitoring visit or health camp conducted at a hotspot.
B5: Site / Hotspot Monitored | C5: District | D5: Monitoring Type | E5: Date | F5: Result | G5: Health Camp Conducted (Y/N) | H5: Beneficiaries Screened | I5: Remarks
B6: Informal Scrap Cluster - Site 1 (Mapusa market belt) | C6: North Goa | D6: Soil | E6: 10-05-2026 | F6: Within Limit | G6: Yes | H6: 60 | I6: Routine monitoring, no major concern
B7: Informal Scrap Cluster - Site 2 (Margao market belt) | C7: South Goa | D7: Soil + Water | E7: 15-05-2026 | F7: Exceeds Limit (Pb) | G7: Yes | H7: 50 | I7: Follow-up remediation plan submitted to GSPCB
B8: Informal Scrap Cluster - Site 3 (Vasco industrial belt) | C8: South Goa | D8: Water | E8: 20-05-2026 | F8: Within Limit | G8: No | H8: 0 | I8: Health camp scheduled next quarter
B28: Distinct Sites Monitored | C28: =SUMPRODUCT((B6:B26<>"")/COUNTIF(B6:B26,B6:B26&""))
B29: Health Camps Conducted | C29: =COUNTIF(F6:F26,"Yes")
B30: Total Beneficiaries Screened | C30: =SUM(G6:G26)

Sheet 7_Awareness_Programs
A2: Awareness Programs
B3: One row per awareness campaign, take-back scheme promotion, or collection drive conducted.
B5: Program Name | C5: District | D5: Date | E5: Type | F5: Target Audience | G5: Participants Reached
B6: Statewide E-Waste Collection Drive (GSPCB-GWMC) | C6: Statewide (launched Panaji, North Goa) | D6: 15-07-2025 | E6: Household E-Waste Buyback / Collection Drive | F6: General public / households (statewide) | G6: 1800
B7: E-Waste Awareness Drive - Schools | C7: North Goa | D7: 18-04-2026 | E7: School Collection Drive | F7: Students, Grades 6-10 | G7: 450
B8: Margao Municipal Council E-Waste Collection Drive | C8: South Goa | D8: 22-04-2026 | E8: RWA/Community Drive | F8: Residents' Welfare Associations | G8: 300
B9: Goa University Campus E-Waste Collection | C9: North Goa | D9: 05-05-2026 | E9: School Collection Drive | F9: College students | G9: 220
B10: Panaji Municipal Council E-Waste Awareness Session | C10: North Goa | D10: 20-05-2026 | E10: Public Awareness Campaign | F10: General public / households | G10: 500
B28: Total Programs Conducted | C28: =COUNTA(B6:B26)
B29: Collection Drives (School+RWA) | C29: =COUNTIF(D6:D26,"School Collection Drive")+COUNTIF(D6:D26,"RWA/Community Drive")
B30: Total Participants Reached | C30: =SUM(F6:F26)
